{
    "0": [
        1622804400,
        2.795052
    ],
    "1": [
        1622803200,
        1.817137
    ],
    "2": [
        1622802000,
        1.500687
    ],
    "3": [
        1622800800,
        3.639372
    ],
    "4": [
        1622799600,
        3.110087
    ],
    "5": [
        1622798400,
        2.95997
    ],
    "6": [
        1622797200,
        2.199478
    ],
    "7": [
        1622796000,
        2.861617
    ],
    "8": [
        1622794800,
        3.203065
    ],
    "9": [
        1622793600,
        1.562078
    ],
    "10": [
        1622792400,
        1.818052
    ],
    "11": [
        1622791200,
        3.805717
    ],
    "12": [
        1622790000,
        2.805962
    ],
    "13": [
        1622788800,
        1.953906
    ],
    "14": [
        1622787600,
        3.829025
    ],
    "15": [
        1622786400,
        50
    ],
    "16": [
        1622785200,
        1.424961
    ],
    "17": [
        1622784000,
        3.578823
    ],
    "18": [
        1622782800,
        3.569509
    ],
    "19": [
        1622781600,
        3.286289
    ],
    "20": [
        1622780400,
        2.852542
    ],
    "21": [
        1622779200,
        3.75277
    ],
    "22": [
        1622778000,
        2.516109
    ],
    "23": [
        1622776800,
        1.81008
    ],
    "24": [
        1622775600,
        2.46013
    ],
    "25": [
        1622774400,
        1.23202
    ],
    "26": [
        1622773200,
        1.261343
    ],
    "27": [
        1622772000,
        3.569856
    ],
    "28": [
        1622770800,
        3.998943
    ],
    "29": [
        1622769600,
        2.711806
    ],
    "30": [
        1622768400,
        1.553793
    ],
    "31": [
        1622760000,
        1.270827
    ],
    "32": [
        null,
        null
    ],
    "33": [
        null,
        null
    ],
    "34": [
        null,
        null
    ],
    "35": [
        null,
        null
    ],
    "36": [
        null,
        null
    ],
    "37": [
        1622760000,
        1.270827
    ],
    "38": [
        1622758800,
        1.441691
    ],
    "39": [
        1622757600,
        1.903296
    ],
    "40": [
        1622756400,
        1.823945
    ],
    "41": [
        1622755200,
        1.184561
    ],
    "42": [
        1622754000,
        2.02636
    ],
    "43": [
        1622752800,
        0
    ],
    "44": [
        1622751600,
        1.502423
    ],
    "45": [
        1622750400,
        0.496238
    ],
    "46": [
        1622749200,
        0.100458
    ],
    "47": [
        1622748000,
        1.062838
    ],
    "48": [
        1622746800,
        0.551235
    ],
    "49": [
        1622745600,
        1.883442
    ],
    "50": [
        1622744400,
        2.520709
    ],
    "51": [
        1622743200,
        1.248684
    ],
    "52": [
        1622742000,
        0.858775
    ],
    "53": [
        1622740800,
        0.957255
    ],
    "54": [
        1622739600,
        2.258364
    ],
    "55": [
        1622738400,
        1.989597
    ],
    "56": [
        1622737200,
        1.008049
    ],
    "57": [
        1622736000,
        0.065168
    ],
    "58": [
        1622734800,
        0.143964
    ],
    "59": [
        1622733600,
        1.466523
    ],
    "60": [
        1622732400,
        0.67721
    ],
    "61": [
        1622731200,
        0.174167
    ],
    "62": [
        1622730000,
        0.496238
    ],
    "63": [
        1622728800,
        1.399031
    ],
    "64": [
        1622727600,
        1.30105
    ],
    "65": [
        1622726400,
        1.711054
    ],
    "66": [
        1622725200,
        0.083562
    ],
    "67": [
        1622724000,
        2.4856
    ],
    "68": [
        1622722800,
        2.84689
    ],
    "69": [
        1622720400,
        2.637739
    ],
    "70": [
        1622720400,
        2.637739
    ],
    "71": [
        1622719200,
        0.817205
    ]
}